,source,author,title,description,url,urlToImage,publishedAt,content
0,"{'id': None, 'name': 'Pypi.org'}",,pyeasyequities added to PyPI,Unofficial Easy Equities and Satrix Python Client,https://pypi.org/project/pyeasyequities/,https://pypi.org/static/images/twitter.abaf4b19.webp,2026-06-28T05:55:29Z,"Unofficial Python client for Easy Equities and Satrix. Intended for personal use.
Supports Python 3.8+.
PyPI
Installation
pip install pyeasyequities
Features
Accounts
<ul><li>List accounts: cl… [+4867 chars]"
1,"{'id': None, 'name': 'Github.com'}",darndt,"ripienaar/free-for-dev: A list of SaaS, PaaS and IaaS offerings that have free tiers of interest to devops and infradev","A list of SaaS, PaaS and IaaS offerings that have free tiers of interest to devops and infradev - ripienaar/free-for-dev",https://github.com/ripienaar/free-for-dev#major-cloud-providers,https://opengraph.githubassets.com/45646f605dc6e9f681cffa961bb660b1e882f3dc085d30f4e07fdbc97a79cd90/ripienaar/free-for-dev,2026-06-28T05:47:01Z,"Developers and Open Source authors now have many services offering free tiers, but finding them all takes time to make informed decisions.
This is a list of software (SaaS, PaaS, IaaS, etc.) and oth… [+199222 chars]"
2,"{'id': 'hacker-news', 'name': 'Hacker News'}",cwilkes,The Doorman's Fallacy in action | Hacker News,,https://news.ycombinator.com/item?id=48678495,,2026-06-28T05:47:01Z,"You make some good points but some are, excuse me, cringey-wrong.&gt; physical menus are hard to update
How often does a restaurant update a menu? Those that need to update frequently already solved… [+3056 chars]"
3,"{'id': None, 'name': 'Biztoc.com'}",notateslaapp.com,Tesla Releases Q2 2026 Analyst Delivery Consensus,"Tesla has released its official delivery consensus again for Q2 2026. Tesla’s Investor Relations team gathers the 21 analyst delivery estimates and builds a consensus to present to investors ahead of the actual numbers, which will be published next week.
The …",https://biztoc.com/x/9abf0468fa950679,https://biztoc.com/cdn/9abf0468fa950679_s.webp,2026-06-28T05:20:45Z,Tesla has released its official delivery consensus again for Q2 2026. Teslas Investor Relations team gathers the 21 analyst delivery estimates and builds a consensus to present to investors ahead of … [+156 chars]
4,"{'id': None, 'name': 'Korrespondent.net'}",1,Війна на Близькому Сході. Онлайн,США та Ізраїль проводять масштабну операцію проти Ірану. Тегеран у відповідь атакує військові об'єкти США майже у всіх країнах Перської затоки.,https://ua.korrespondent.net/world/4858866/,,2026-06-28T05:15:00Z,". ' .
 28 2026 ' . () ().  . 
. . "" "" .
 : 
28  
5.34 ' . CNN, Press TV.
4.35 "" ""   Truth Social .
1.47 . (CENTCOM) .
C CENTCOM 27 .
27 
21.15 .   Reuters. , "" "", , .
19.10 , . , Bloomberg… [+45502 chars]"
5,"{'id': None, 'name': 'Novinky.cz'}",Monika Kuncová,Po stopách Marie Curie v jáchymovském podzemí,"Psal se červen 1925 a Jáchymovem procházela důstojná dáma v dlouhém černém kabátu, sahajícím až ke kotníkům. Do očí jí nebylo vidět přes tmavý klobouk a brýle s kulatými obroučkami. Jen výrazná linie lícních kostí a rozhodná ústa prozrazovaly, že město navští…",https://www.novinky.cz/clanek/historie-po-stopach-marie-curie-v-jachymovskem-podzemi-40584104,"https://d15-a.sdn.cz/d_15/c_img_qC_A/nO2CysqjGrCP7qOQhGHB0uHq/347c/marie-curie.jpeg?fl=cro,0,0,1280,720%7Cres,1200,,1%7Cwebp,75",2026-06-28T05:04:00Z,Pro práv Jáchymov? Z odpadu tamní továrny na výrobu uranových barev izolovala spolu s manelem Pierrem v roce 1898 dva do té doby neznámé radioaktivní prvky: polonium a radium. V malé kln uprosted Paí… [+11467 chars]
6,"{'id': None, 'name': 'Ixbt.com'}",Jin,Выкупить автопилот Tesla больше не получится: систему Full Self-Driving переводят на модель подписки по всему миру,С 30 июня,https://www.ixbt.com/news/2026/06/28/tesla-full-self-driving.html,https://media.ixbt.site/1600x900/smart/https://www.ixbt.com/img/n1/news/2026/5/0/image%20-%202026-06-28T080344.419_large.jpg,2026-06-28T04:56:00Z,"Tesla (FSD), . 
 , , FSD 30 , .
 54 000 ( 6700 ), 55 700 ( 6900 ) 222 000 ( 6900 ) .
 , Tesla Full Self-Driving (FSD) 14 , . , (FSD) , Tesla . 99 ( 99 ) .
Tesla Full Self-Driving (FSD) Tesla , , … [+16 chars]"
7,"{'id': None, 'name': '3dnews.ru'}",,Apple и SpaceX получат возможность протестировать технологию Intel 14A этой осенью,"Вскоре после заключения соглашения о сотрудничестве с Intel, возглавляющий SpaceX и Tesla Илон Маск (Elon Musk) заявил, что будущее совместное предприятие Terafab как раз будет использовать перспективную технологию Intel 14A для выпуска чипов. Как стало извес…",https://3dnews.ru/1144245/apple-i-spacex-poluchat-vozmognost-protestirovat-tehnologiyu-intel-14a-etoy-osenyu,https://cdn.3dnews.ru/assets/external/illustrations/2026/06/28/1144245/14A_01.jpg,2026-06-28T04:48:00Z,"Intel, SpaceX Tesla (Elon Musk) , Terafab Intel 14A . The New York Times, SpaceX, Apple.
: ASML
, Intel Nvidia, $5 , SpaceX Tesla. Intel Google Apple , The New York Times , Intel Apple , , Apple .… [+189 chars]"
8,"{'id': None, 'name': 'Biztoc.com'}",electrek.co,"Q2 2026 delivery consensus: 406,000 vehicles expected","Tesla released its company-compiled delivery consensus for the second quarter of 2026, and Wall Street analysts now expect the automaker to deliver 406,024 vehicles.
That would be just 5.7% growth over the 384,122 vehicles Tesla delivered in Q2 2025 — a modes…",https://biztoc.com/x/f2e9a6288a6c48d7,https://biztoc.com/cdn/f2e9a6288a6c48d7_s.webp,2026-06-28T04:35:20Z,"Tesla released its company-compiled delivery consensus for the second quarter of 2026, and Wall Street analysts now expect the automaker to deliver 406,024 vehicles.That would be just 5.7% growth ove… [+150 chars]"
9,"{'id': None, 'name': 'Onliner.by'}",Onliner,"Изгой-заучка, выскочка или гений? Начало истории Илона Маска, «придумавшего» SpaceX и Tesla (Истории)","Илон Маск — выскочка. Илон Маск — гений. Илон Маск — просто талантливый менеджер. У кого-то он вызывает зависть, другие хотят походить на него. Все как обычно, когда речь идет об известном и успешном человеке. Мало кто помнит, где истоки, в чем правда, а в че…",https://tech.onliner.by/2026/06/28/elon-musk-4,https://content.onliner.by/news/1400x5616/8da7f81b4992b3c13a98ab9489b62481.jpeg,2026-06-28T04:00:20Z,". . . - , . , . , , , : , 1990- 2000-, - . , , « ».
, 28 1971 . 55, .   , , -. , , 1979 .
 2015 , , Fortune. - , , . « -», . , .
, , . . , , , , , , -. , , , . , .
 910 Commodore VIC-20 , . . 12 … [+2358 chars]"
10,"{'id': None, 'name': 'Www.nzz.ch'}",Moritz Kaufmann,Historische Abbaupläne bei VW: Oliver Blume ist der radikalste Manager Europas,Der frühere Porsche-Manager will bei VW 100 000 Stellen streichen. Er bringt eine ganze Nation gegen sich auf.,https://www.nzz.ch/wirtschaft/historische-abbauplaene-bei-vw-oliver-blume-ist-der-radikalste-manager-europas-ld.10012743,"https://img-msp-prod.nzz.ch/2026/06/26/576efd97-5272-4e42-b4ba-37b5722c7848.jpg?width=1200&height=675&fit=bounds&quality=75&auto=webp&crop=5566,3131,x0,y543&wmark=nzz",2026-06-28T03:30:00Z,"Der frühere Porsche-Manager will bei VW 100000 Stellen streichen. Er bringt eine ganze Nation gegen sich auf.
Zusammenfassung
Unter Druck: Der VW-Chef Oliver Blume.
Malte Ossowski / Sven Simon / I… [+2286 chars]"
11,"{'id': None, 'name': 'Biztoc.com'}",finance.yahoo.com,Tesla Completes Key AI Chip Milestone in Its Push Beyond the Auto Industry,"Tesla (NASDAQ: TSLA) and Elon Musk are making a big push to expand beyond electric vehicles (EVs). The company recently completed a tape-out for its upcoming AI5 computer chip, which will be deployed in new projects such as the Optimus humanoid robot.
Here's …",https://biztoc.com/x/cc3e38d952e5e92f,https://biztoc.com/cdn/cc3e38d952e5e92f_s.webp,2026-06-28T03:21:10Z,"Tesla (NASDAQ: TSLA) and Elon Musk are making a big push to expand beyond electric vehicles (EVs). The company recently completed a tape-out for its upcoming AI5 computer chip, which will be deployed… [+151 chars]"
12,"{'id': None, 'name': 'Pypi.org'}",jason@jasonacox.com,pypowerwall-server 0.3.6,A high-performance FastAPI-based server for monitoring and managing Tesla Powerwall systems,https://pypi.org/project/pypowerwall-server/0.3.6/,,2026-06-28T03:04:56Z,"A required part of this site couldnt load. This may be due to a browser
 extension, network issues, or browser settings. Please check your
 connection, disable any ad blockers, or try using a diffe… [+12 chars]"
13,"{'id': 'lenta', 'name': 'Lenta'}",Марина Совина,Раскрыта зарплата работающего на должности «болвана» миллиардера,Доходы топ-менеджеров в США достигли рекордных уровней в 2025 году. Об этом свидетельствует рейтинг газеты The Wall Street Journal (WSJ),https://lenta.ru/news/2026/06/27/raskryta-zarplata-rabotayuschego-na-dolzhnosti-bolvana-milliardera/,https://icdn.lenta.ru/images/2026/06/28/04/20260628042447727/share_560ca8141a32d5525b4d9e6e2186dd7e.jpg,2026-06-28T01:24:00Z,"- 2025 . The Wall Street Journal (WSJ).
 Block 2,75 . Block Head («»). WSJ, S&amp;P 500. 8,19 .
Tesla. , ."
14,"{'id': None, 'name': 'Ithome.com'}",,特斯拉 Model S 签名典藏版登陆欧洲：限量 20 台，仅限受邀客户购买,IT之家 6 月 28 日消息，有消息称，特斯拉已私下联系欧洲部分精选客户，向其发出专属购车邀约，可入手 Model S 签名典藏版（Model S Signature Edition），收藏这款汽车史上的绝版藏品。此事经由 Facebook 德国特斯拉车友社群成员克里斯蒂安 · 达拉波扎爆料传开，他晒出了当地销售顾问发来的购车邀约详情。特斯拉资讯媒体 Drive Tesla 报道，这批典藏版车型不会上架线上公开选配页面，全部采用人工专属分配模式，由销售顾问一对一对接名额，原因是现车库存极其稀缺。特斯拉数月前已正…,https://www.ithome.com/0/969/539.htm,,2026-06-28T00:27:18Z,"IT 6 28 Model S Model S Signature Edition
Facebook · Drive Tesla 
Model S Model X Model SModel X 
 250 Model S100 Model X Model S Model X 
 Model SModel X Plaid Model S 250 · X Model X 100 · X 
… [+50 chars]"
15,"{'id': None, 'name': 'Khabarhub.com'}",Keun Lee,Development in a Time of Disruption,"Development was once understood as a simple matter of applying the models developed economies created. But, as my research has shown, there is a catch-up paradox: a country cannot conclusively catch up with, let alone overtake, its forerunners merely by imita…",https://english.khabarhub.com/2026/28/555560/,https://english.khabarhub.com/wp-content/uploads/2026/06/Khabar-Hub-Article_Keun-Lee_1200px-630X-px-Final_2026.06.26-Upload.jpg,2026-06-28T00:15:51Z,"Development was once understood as a simple matter of applying the models developed economies created. But, as my research has shown, there is a catch-up paradox: a country cannot conclusively catch … [+5923 chars]"
16,"{'id': None, 'name': 'Adevarul.ro'}",Maria Ţaga,28 iunie: Ziua în care Eminescu era arestat și internat la spitalul doctorului Alexandru A. Suțu,"Pe 28 iunie 1914, un atentat în capitala Bosniei a declanșat lanțul de evenimente care avea să ducă la izbucnirea Primului Război Mondial. Arhiducele Franz Ferdinand a fost împușcat de un tânăr extremist sârb, în timpul unei vizite oficiale la Sarajevo.",https://adevarul.ro/istoria-zilei/28-iunie-ziua-in-care-eminescu-era-arestat-si-2538172.html,https://cdn.adh.reperio.news/image-e/e5338b21-32bd-48e8-994f-f32c724d8e9d/index.jpeg?p=f%3Djpeg%26w%3D1200%26h%3D630%26r%3Dcover,2026-06-27T23:01:25Z,"Pe 28 iunie 1914, un atentat în capitala Bosniei a declanat lanul de evenimente care avea s duc la izbucnirea Primului Rzboi Mondial. Arhiducele Franz Ferdinand a fost împucat de un tânr extremist sâ… [+11594 chars]"
17,"{'id': 'der-tagesspiegel', 'name': 'Der Tagesspiegel'}",Der Tagesspiegel,Kalenderblatt: Was geschah am 28. Juni?,"Tag für Tag gibt es Ereignisse, Anekdoten, Geburts- oder Sterbetage, an die erinnert werden soll.",https://www.tagesspiegel.de/kalenderblatt-was-geschah-am-28-juni-15768558.html,https://www.tagesspiegel.de/images/15768557/alternates/BASE_16_9_W1400/1782597354000/kalenderblatt.jpeg,2026-06-27T21:55:54Z,"Das aktuelle Kalenderblatt für den 28. Juni 2026
 Namenstag 
Diethild, Irenäus
 Historische Daten 
2016 - Am Atatürk-Flughafen in Istanbul sprengen sich drei Selbstmordattentäter in die Luft. Sie… [+1529 chars]"
18,"{'id': None, 'name': 'STERN.de'}",STERN.de,Kalenderblatt: Was geschah am 28. Juni?,"Tag für Tag gibt es Ereignisse, Anekdoten, Geburts- oder Sterbetage, an die erinnert werden soll.",https://www.stern.de/panorama/kalenderblatt--was-geschah-am-28--juni--37613848.html,https://image.stern.de/37613850/t/rF/v1/w1440/r1.7778/-/27--5qqicu63h3v2axs2048jpeg---d08e954e12790098.jpg,2026-06-27T21:55:04Z,"Kopiere den aktuellen Link
Zur Merkliste hinzufügen
Tag für Tag gibt es Ereignisse, Anekdoten, Geburts- oder Sterbetage, an die erinnert werden soll.
Das aktuelle Kalenderblatt für den 28. Juni 20… [+1580 chars]"
19,"{'id': 'die-zeit', 'name': 'Die Zeit'}",DIE ZEIT: News -,Kalenderblatt: Was geschah am 28. Juni?,Hier finden Sie Informationen zu dem Thema „Kalenderblatt“. Lesen Sie jetzt „Was geschah am 28. Juni?“.,https://www.zeit.de/news/2026-06/27/was-geschah-am-28-juni,https://img.zeit.de/news/2026-06/27/was-geschah-am-28-juni-image-group/wide__1300x731,2026-06-27T21:55:04Z,"Das aktuelle Kalenderblatt für den 28. Juni 2026
Namenstag
Diethild, Irenäus
Historische Daten
2016 - Am Atatürk-Flughafen in Istanbul sprengen sich drei Selbstmordattentäter in die Luft. Sie rei… [+1479 chars]"
20,"{'id': None, 'name': 'Mail.ru'}",Леонид Монин,"55 Илону Маску: инженер с 14 детьми, чудак с триллионом долларов и главный слоняра в России","28 июня 2026 года Илону Маску исполняется 55 лет. Разбираем биографию, состояние, проекты Tesla и SpaceX и почему он так популярен в России — в материале Life.ru.",https://news.mail.ru/society/71431786/,https://resizer.mail.ru/p/248a9604-bb26-5733-9d23-2b7fcfe413ae/AQAGajgjGJ9_Qar_EFx7MpEfvwGmGxAloxZeNeAuEtyBsKKDY9VsdwFpDZYe8f7DuFiWz9vSODPH5y6L5ta-jLBcK8Y.jpg,2026-06-27T21:47:09Z,"28  2026 55 .    —    $500    ,  ,   .   ,  ,  .   , -  -,  -     , « ».   , ,      —   LIFE.
28  1971   (). :     ,  —     ,    2002 . : ,  .
: , ,   , ,   ,     « »   .  :  12 Blastar     $500. .… [+1975 chars]"
21,"{'id': None, 'name': 'Life.ru'}",https://www.facebook.com/lifenews.ru/,"55 Илону Маску: инженер с 14 детьми, чудак с триллионом долларов и главный слоняра в России","28 июня 2026 года Илону Маску исполняется 55 лет. Разбираем биографию, состояние, проекты Tesla и SpaceX и почему он так популярен в России — в материале Life.ru.",https://life.ru/p/1891405,https://static.life.ru/ip/unsafe/rs:fit:1200:/q:98/sh:0.5/czM6Ly9saWZlLXN0YXRpYy9wdWJsaWNhdGlvbnMvMjAyNi82LzI1LzE1ODExMzMzMjc1MTMuMjU2LlBORw==.webp,2026-06-27T21:45:00Z,". 55 . © Life.ru. © / Patrick Pleul, © ChatGPT
28 2026 55 . $500 , , . , , . , - -, - , « ». , , LIFE.
 28 1971 (). : , , 2002 . : , .
 : , , , , , « » . : 12 Blastar $500. .
 ? . 17 , , . , (), … [+1884 chars]"
22,"{'id': 'lenta', 'name': 'Lenta'}",Нэлли Свердлова,28 июня: какой праздник отмечают в России и мире,"28 июня профессиональный праздник отмечают букмекеры, а день рождения празднует американский предприниматель Илон Маск. «Лента.ру» рассказывает, какие еще торжества приходятся на конец июня, кто из известных людей отмечает день рождения и на какие приметы 28 …",https://lenta.ru/news/2026/06/28/28-iyunya-kakoy-prazdnik-segodnya-otmechayut-v-rossii-i-mire/,https://icdn.lenta.ru/images/2026/06/19/09/20260619094017782/share_09b62b5fe9e5dd0d4bac93f4a994a63a.jpg,2026-06-27T21:05:00Z,"28 , . «.» , , 28 .
, , . . , , . .
 , : .
 oacoo 1956 
"" !"" - 1956 . : Public domain / Wikipedia
28 1956 , , « ». , . , 80 . , .
 28 
 28 
III -. . , , . 13 , .
 « » , , , «» . , , .
Fortu… [+306 chars]"
23,"{'id': None, 'name': 'Iz.ru'}",Ямков Ренат Рашидович,Предприниматель и основатель компании SpaceX Илон Маск. Биография,"Илон Маск — американский предприниматель, инженер и миллиардер, ставший в июне 2026 года первым в истории долларовым триллионером. Он является основателем компании SpaceX, генеральным директором Tesla и владельцем социальной сети X (бывший Twitter). В 2025 го…",https://iz.ru/2118142/predprinimatel-i-osnovatel-kompanii-spacex-ilon-mask-biografiia-izi,http://cdn.iz.ru/sites/default/files/styles/900x506/public/news-2026-06/20250120_faa_s152_091_0.jpg?itok=yiCxYjJz,2026-06-27T21:00:00Z,", , 2026 . SpaceX, Tesla X ( Twitter). 2025 , . «».
28 1971 , . , , , ( ) . : 1983 , 12 , Blastar.
 1989 , , . 1997 , . 2002 .
. 1990- Zip2, . X.com, PayPal. eBay 2002 .
 -
 2002 SpaceX, . . Tes… [+715 chars]"
24,"{'id': None, 'name': 'Overclockers.ru'}",kosmos_news,Продажи электромобилей Tesla в Европе внезапно выросли на 77% на фоне снижения цен,Электромобили стали более конкурентоспособными по сравнению с автомобилями с двигателями внутреннего сгорания и недорогими машинами из Китая.,https://overclockers.ru/blog/kosmos_news/show/258490/Prodazhi-elektromobilej-Tesla-v-Evrope-vnezapno-snova-vyrosli-na-77-na-fone-snizheniya-cen,https://overclockers.ru/st/r/1200/-/legacy/blog/430228/737823_O.png,2026-06-27T20:00:13Z,"Tesla , . New York Times, 77 . .    
: qwen Tesla, , 22 000 . Tesla Ford, Nissan Honda .
 The New York Times , .
« , », .
, « Tesla , ». , . , Tesla, . CNBC , Tesla 40 .
 Tesla . (2023 ) . Tesla… [+44 chars]"
25,"{'id': 'next-big-future', 'name': 'Next Big Future'}",Brian Wang,Elon Winning AI Game of Thrones by Adding Gigawatts of Energy This Week,All that matters today for SpaceX and Tesla is the life and death battle to win AI. Every strategic move is URGENT. There is no time to wait years for robotaxi. Tesla and SpaceX must merge ASAP. There is more money and more gains from AI than anything else. T…,https://www.nextbigfuture.com/2026/06/elon-winning-ai-game-of-thrones-by-adding-gigawatts-of-energy-this-week.html,https://nextbigfuture.s3.amazonaws.com/uploads/2026/06/Screenshot-2026-06-27-at-12.43.47-PM.jpg,2026-06-27T19:47:33Z,Brian Wang is a Futurist Thought Leader and a popular Science blogger with 1 million readers per month. His blog Nextbigfuture.com is ranked #1 Science News Blog. It covers many disruptive technology… [+593 chars]
26,"{'id': None, 'name': 'Biztoc.com'}",finance.yahoo.com,Prediction: Buying Rivian Stock Today Could Set You Up for Life,"Tesla (NASDAQ: TSLA) is one of the biggest companies in the world. But Tesla's auto sales have actually been on the decline for several years now. With shares trading at 13.5 times sales, it's clear that the market doesn't just value the company as an EV stoc…",https://biztoc.com/x/f51ef6077aa2ade7,https://biztoc.com/cdn/f51ef6077aa2ade7_s.webp,2026-06-27T19:45:26Z,"Tesla (NASDAQ: TSLA) is one of the biggest companies in the world. But Tesla's auto sales have actually been on the decline for several years now. With shares trading at 13.5 times sales, it's clear … [+147 chars]"
27,"{'id': None, 'name': 'Biztoc.com'}",barchart.com,Tesla Left a Big Hole in Short Sellers’ Pockets. It’s SpaceX’s Turn Now,"Earlier this month, Elon Musk’s rocket company, SpaceX (SPCX), which has also pitched itself as an artificial intelligence (AI) play, went public. It was the biggest IPO ever, and the post-listing rally made Musk the world’s first trillionaire.
The euphoria h…",https://biztoc.com/x/94adea409d4fc5df,https://biztoc.com/cdn/94adea409d4fc5df_s.webp,2026-06-27T19:43:35Z,"Earlier this month, Elon Musks rocket company, SpaceX (SPCX), which has also pitched itself as an artificial intelligence (AI) play, went public. It was the biggest IPO ever, and the post-listing ral… [+144 chars]"
28,"{'id': None, 'name': 'ComicBook.com'}",Evan Valentine,Netflix’s World-Ending Action Anime Confirms New Season,"Netflix

In recent years, Netflix has understood the cultural impact of anime and how the medium is good for business. To date, the streaming service has been bringing action anime such as Baki Hanma, Sakamoto Days, Cyberpunk: Edgerunners, and JoJo’s Bizarre …",http://comicbook.com/anime/news/netflixs-world-ending-action-anime-confirms-new-season/,"https://comicbook.com/wp-content/uploads/sites/4/2026/06/Ragnarok.png?resize=2000,1127",2026-06-27T19:36:41Z,"In recent years, Netflix has understood the cultural impact of anime and how the medium is good for business. To date, the streaming service has been bringing action anime such as Baki Hanma, Sakamot… [+2761 chars]"
29,"{'id': None, 'name': 'Yahoo Entertainment'}",,Tesla Left a Big Hole in Short Sellers’ Pockets. It’s SpaceX’s Turn Now.,,https://consent.yahoo.com/v2/collectConsent?sessionId=1_cc-session_4756adcc-c8d2-4dad-b507-e0d84ed75b69,,2026-06-27T19:30:02Z,"If you click 'Accept all', we and our partners, including 247 who are part of the IAB Transparency &amp; Consent Framework, will also store and / or access information on a device (in other words, us… [+1046 chars]"
30,"{'id': None, 'name': 'OilPrice.com'}",Felicity Bradstock,NASA Eyes Moon Base Powered by Solar Panels and Nuclear Reactors,"With major plans for space travel, several governments are proposing lunar energy production, including solar and nuclear projects. In May, NASA announced plans to send robotic landers, hopping drones, and vehicles to the moon as part of the United States gov…",https://oilprice.com/Energy/Energy-General/NASA-Eyes-Moon-Base-Powered-by-Solar-Panels-and-Nuclear-Reactors.html,https://d32r1sh890xpii.cloudfront.net/article/1200x675/2026-06-25_aihujnft6z.jpg,2026-06-27T19:00:00Z,"Tesla signed a multi-year agreement…
CATL unveiled a new sodium-ion…
Major oil companies are becoming…
Set us as your preferred Google source
By Felicity Bradstock - Jun 27, 2026, 2:00 PM CDTWith… [+5136 chars]"
31,"{'id': None, 'name': 'Biztoc.com'}",finance.yahoo.com,"Surpasses Market Valuation of ​Meta and Briefly Tesla, Reuters Reports","Micron Technology, Inc. (NASDAQ:MU) is one of the safe stocks for beginners to buy in 2026. Reuters reported on June 25 that Micron Technology, Inc. (NASDAQ:MU) surpassed the market valuation of Meta Platforms, and briefly Tesla, for the first time on Thursda…",https://biztoc.com/x/148d85bbd1edc854,https://biztoc.com/cdn/148d85bbd1edc854_s.webp,2026-06-27T18:59:11Z,"Micron Technology, Inc. (NASDAQ:MU) is one of the safe stocks for beginners to buy in 2026. Reuters reported on June 25 that Micron Technology, Inc. (NASDAQ:MU) surpassed the market valuation of Meta… [+145 chars]"
32,"{'id': None, 'name': 'Biztoc.com'}",finance.yahoo.com,"to Raise Production at Berlin Plant by 20%, Reuters Reports","Tesla, Inc. (NASDAQ:TSLA) is one of the safe stocks for beginners to buy in 2026. Reuters reported on June 25 that Tesla, Inc. (NASDAQ:TSLA) announced on Thursday plans to raise production at its Berlin plant by 20% to 7,500 vehicles per week from October thi…",https://biztoc.com/x/3b0b172a8b49fc8c,https://biztoc.com/cdn/3b0b172a8b49fc8c_s.webp,2026-06-27T18:58:57Z,"Tesla, Inc. (NASDAQ:TSLA) is one of the safe stocks for beginners to buy in 2026. Reuters reported on June 25 that Tesla, Inc. (NASDAQ:TSLA) announced on Thursday plans to raise production at its Ber… [+149 chars]"
33,"{'id': None, 'name': 'Tuxboard.com'}",Christophe Cohen,Voitures électriques : une voiture neuve sur trois est désormais électrique et l’essence s’effondre de 37 % en un an,"Les chiffres publiés par l’ACEA en juin 2026 dessinent une rupture que peu d’analystes anticipaient aussi tôt. Les voitures électriques...
L’article Voitures électriques : une voiture neuve sur trois est désormais électrique et l’essence s’effondre de 37 % en…",https://www.tuxboard.com/voitures-electriques-une-voiture-neuve-sur-trois-est-desormais-electrique-et-lessence-seffondre-de-37-en-un-an/,https://www.tuxboard.com/wp-content/uploads/2026/06/1436496-Tuxboard-En-France-une-voiture-neuve-sur-trois-est-desormais-electrique-et-lessence-seffondre-de-37-en-un-an.jpg,2026-06-27T18:51:20Z,"En 2026, une voiture neuve sur trois vendue en France est électrique. Les voitures électriques progressent de 55 % pendant que l'essence s'effondre.
Les chiffres publiés par l’ACEA en juin 2026 dess… [+5225 chars]"
34,"{'id': None, 'name': 'Yahoo Entertainment'}",,"Micron (MU) Surpasses Market Valuation of ​Meta and Briefly Tesla, Reuters Reports",,https://consent.yahoo.com/v2/collectConsent?sessionId=1_cc-session_975037ef-deb1-415c-a29b-680febf3883a,,2026-06-27T18:36:53Z,"If you click 'Accept all', we and our partners, including 247 who are part of the IAB Transparency &amp; Consent Framework, will also store and / or access information on a device (in other words, us… [+1046 chars]"
35,"{'id': None, 'name': 'Yahoo Entertainment'}",Noor Ul Ain Rehman,"Tesla (TSLA) to Raise Production at Berlin Plant by 20%, Reuters Reports","Tesla, Inc. (NASDAQ:TSLA) is one of the safe stocks for beginners to buy in 2026. Reuters reported on June 25 that Tesla, Inc. (NASDAQ:TSLA) announced on Thu...",https://finance.yahoo.com/markets/stocks/articles/tesla-tsla-raise-production-berlin-183606852.html,https://s.yimg.com/lo/mysterio/api/0DF1B8400BBD015E0FC55706FD91FA578D3E7631F6D3257E835BEB5E919D2DC6/subgraphmysterio/resizefill_w1200_h673;quality_80;format_webp/https:%2F%2Fmedia.zenfs.com%2Fen%2Finsidermonkey.com%2F1277c6032fd09b727a10249a170024cf,2026-06-27T18:36:06Z,"Tesla, Inc. (NASDAQ:TSLA) is one of the safe stocks for beginners to buy in 2026. Reuters reported on June 25 that Tesla, Inc. (NASDAQ:TSLA) announced on Thursday plans to raise production at its Ber… [+1887 chars]"
36,"{'id': None, 'name': 'Terra.com.br'}",Reuters,"Geely enviará os primeiros elétricos Lotus ao Canadá em julho, sob acordo Carney-Xi, diz embaixador","Os veículos elétricos da marca Lotus, pertencente ao Geely Holding Group, chegarão ao Canadá no ...","https://www.terra.com.br/economia/geely-enviara-os-primeiros-eletricos-lotus-ao-canada-em-julho-sob-acordo-carney-xi-diz-embaixador,2381a3dd83df226afe08da12e135d7fb0sioigqu.html",https://s1.trrsf.com/update-1698692222/fe/zaz-mod-t360-icons/svg/logos/terra-16x9-borda.png,2026-06-27T18:19:41Z,"Os veículos elétricos da marca Lotus, pertencente ao Geely Holding Group, chegarão ao Canadá no próximo mês, sob um acordo entre o primeiro-ministro Mark Carney e o presidente chinês Xi Jinping, info… [+1822 chars]"
37,"{'id': None, 'name': 'Les Numériques'}",Nassim Chentouf,"Actualité : BYD dépasse Citroën, Fiat, Tesla et Mini en Europe : la vague chinoise n'est plus une menace, c'est une réalité","En mai 2026, BYD a dépassé Citroën, Fiat, Tesla et Mini sur le marché automobile européen. Le constructeur chinois a écoulé 32 380 voitures sur le mois, en forte hausse sur un an. Ce dépassement balaie l'idée d'une simple tendance passagère. La vague chinoise…",https://www.lesnumeriques.com/voiture-electrique/byd-depasse-citroen-fiat-tesla-et-mini-en-europe-la-vague-chinoise-n-est-plus-une-menace-c-est-une-realite-n258520.html,https://cdn.lesnumeriques.com/optim/news/25/258520/cf6418ed-byd-depasse-citroen-fiat-tesla-et-mini-en-europe-la-vague-chinoise-n-est-plus-une-menace-c-est-une-realite__1200_678__0-261-6240-3537.jpg,2026-06-27T18:15:00Z,"En un mois, BYD passe devant Citroën, Fiat, Tesla et Mini à la fois. Le signal est fort, car ces quatre noms sont historiques. Citroën et Fiat incarnent la voiture populaire européenne quand Mini vis… [+2768 chars]"
38,"{'id': None, 'name': 'Slashdot.org'}",feedfeeder,Tesla settles lawsuit over fatal pedestrian crash involving Full Self-Driving,The lawsuit dates back to a deadly incident in Arizona in 2023.,https://slashdot.org/firehose.pl?op=view&amp;id=184143134,,2026-06-27T18:12:40Z,"""No, no, I don't mind being called the smartest man in the world. I just wish 
 it wasn't this one.""
-- Adrian Veidt/Ozymandias, WATCHMEN"
39,"{'id': None, 'name': 'BMWBLOG'}",Josh Ryner,Why I Spent Months Choosing One Paint Color for My New BMW,"Every meaningful car begins long before the key changes hands. Some people remember the horsepower. Others remember the monthly payment. Years from now, I suspect I’ll remember a paint code. Not because it was expensive,...
First published by https://www.bmwb…",https://www.bmwblog.com/2026/06/27/mw-x2-m35i-rosso-corsa-military-sales-build/,https://cdn.bmwblog.com/wp-content/uploads/2026/06/bmw-x2-m35i-Rosso-Corsa-Red-02.jpg,2026-06-27T17:07:50Z,"Article Summary
<ul><li>Rather than buy a leftover X4 or accept its all-electric successor, the author special-ordered a BMW X2 M35i through BMW Military Sales in Germany, building the car from scra… [+23712 chars]"
40,"{'id': None, 'name': 'Meneame.net'}",tropezon,BYD ya vende más coches que Citroën en Europa y confirma el avance imparable de las marcas chinas,"BYD ha superado por primera vez a Citroën en ventas en Europa durante mayo, un hito que confirma el rápido avance de las marcas chinas en el continente. En ese mes, los fabricantes chinos matricularon 121.030 coches, un 97% más que el año anterior, alcanzando…",https://www.meneame.net/m/actualidad/byd-ya-vende-mas-coches-citroen-europa-confirma-avance-imparable,https://www.meneame.net/backend/media?type=link&id=4191744&version=0&ts=1782579786&image.webp,2026-06-27T17:00:08Z,
41,"{'id': None, 'name': 'Wonkette.com'}",Doktor Zoom,Nobody Wants These Goddamn Data Centers. Trump's Blowing $17.5 Billion On Nukes To Power Them,"Maybe the nuclear plants will all come online within a decade, on budget. Maybe atomic pigs will fly!",https://www.wonkette.com/p/nobody-wants-these-goddamn-data-centers,https://images.unsplash.com/photo-1591200834528-4050ce99fe78?crop=entropy&cs=tinysrgb&fit=max&fm=jpg&ixid=M3wzMDAzMzh8MHwxfHNlYXJjaHwzfHxudWNsZWFyJTIwcG93ZXJ8ZW58MHx8fHwxNzgyNDE2OTE5fDA&ixlib=rb-4.1.0&q=80&w=1080,2026-06-27T16:30:04Z,"Americans are really, really not thrilled about the prospects of hundreds of new data centers being built so that AI can take their jobs, raise electricity rates, strain the grid, pollute the atmosph… [+11282 chars]"
42,"{'id': None, 'name': 'Gizmodo.com'}",Thomas Handley,Un accidente mortal vuelve a poner a Tesla en la mira: qué pasó con el sistema de asistencia activado,"Un Tesla Model 3 se estrelló contra una vivienda en Texas y provocó la muerte de Martha Avila, de 76 años. El conductor dijo que tenía activado un sistema de asistencia, mientras Tesla asegura que hubo intervención manual. El caso vuelve a poner bajo presión …",https://es.gizmodo.com/un-accidente-mortal-vuelve-a-poner-a-tesla-en-la-mira-que-paso-con-el-sistema-de-asistencia-activado-2000243535,https://es.gizmodo.com/app/uploads/2026/06/Gizmodo-32-5-1200x675.jpg,2026-06-27T16:18:05Z,"Un accidente fatal vuelve a poner a Tesla en el centro del debate
Tesla enfrenta una nueva investigación federal en Estados Unidos tras un accidente mortal ocurrido en Katy, Texas, un suburbio de Ho… [+4843 chars]"
43,"{'id': None, 'name': 'Finance.ua'}",Finance.UA,В каких регионах Украины чаще всего покупают электромобили,"В прошлом месяце украинцы приобрели 2652 электрокаров. Чаще авто на электротяге выбирают жители столицы, а также западных областей страны.",https://news.finance.ua/ru/v-kakih-regionah-ukrainy-chashhe-vsego-pokupayut-elektromobili,https://finance-news-media.fra1.cdn.digitaloceanspaces.com/prod/e/4/e44cbd836d90615561b55c2dabf5ed80,2026-06-27T16:08:00Z,"- , : magnific
<ul><li>   271 . (92% /);</li><li> .  213 . (73% /);</li><li> .  202 . (95% /);</li><li> .  195 . (95% /).</li></ul> Toyota bZ4X,   BYD Leopard 3,   BYD Sea Lion 06 EV.
 , Tesla Mode… [+91 chars]"
44,"{'id': None, 'name': 'CleanTechnica'}",Larry Evans,InterSolar Europe 2026 Key Takeaways,"The smarter E Europe 2026 happened this week in Munich, with the lead event of InterSolar Europe co-located with ess Europe, Power2Drive and EM-Power. Regardless of the intended organization of the conference and exhibitions, the lines between them have incre…",https://cleantechnica.com/2026/06/27/intersolar-europe-2026-key-takeaways/,https://cleantechnica.com/wp-content/uploads/2026/06/PXL_20260623_112841513-scaled.jpg,2026-06-27T16:07:07Z,"Support CleanTechnica's work through a Substack subscription or on Stripe.
The smarter E Europe 2026 happened this week in Munich, with the lead event of InterSolar Europe co-located with ess Europe… [+16915 chars]"
45,"{'id': None, 'name': 'Motorpasión'}",Alejandra Otero,No hay manera de vender la caravana más grande de Europa: la pagó a precio de Porsche 911 pero no le dan ni lo que cuesta un Dacia Sandero,"Su apodo es Black Beast y no hay otra igual: con sus 14 m de largo está considerada la caravana más larga de Europa. Se trata de la Polar Glacier, concebida por el fabricante camper sueco Polar como proyecto exclusivo. Por tanto no forma parte de una serie es…",https://www.motorpasion.com/furgonetas-y-caravanas/no-hay-manera-vender-caravana-grande-europa-pago-a-precio-porsche-911-no-le-dan-que-cuesta-dacia-sandero,https://i.blogs.es/8385f4/caravana-mas-grande-europa-01/840_560.jpeg,2026-06-27T16:00:14Z,"Su apodo es Black Beast y no hay otra igual: con sus 14 m de largo está considerada la caravana más larga de Europa. Se trata de la Polar Glacier, concebida por el fabricante camper sueco Polar como … [+4287 chars]"
46,"{'id': None, 'name': 'Caradisiac.com'}",Caradisiac.com,Comment la finance bride l’industrie automobile,Le décrochage boursier de l’ensemble des constructeurs provoqué par l’annonce le 16 juin par BMW d’un nouvel avertissement sur ses résultats n’a rien de surprenant. Cet épisode qui inquiète tout le secteur résonne comme le prix à payer de la financiarisation …,https://www.caradisiac.com/comment-la-finance-bride-l-industrie-automobile-222791.htm,https://images.caradisiac.com/logos/4/9/0/4/294904/S8-comment-la-finance-bride-l-industrie-automobile-222791.jpg,2026-06-27T15:25:00Z,"Les constructeurs européens ne savent plus où donner de la tête. Ils doivent gérer simultanément le ralentissement de la croissance économique, la transition accélérée vers lélectrique, les conséquen… [+3884 chars]"
47,"{'id': None, 'name': 'Noticiasautomotivas.com.br'}",Eber do Carmo,"EUA começam a reescrever regras para robotáxis e abrem caminho a carros sem comandos tradicionais, com o Tesla Cybercab podendo rodar sem pedal de freio","Robotáxis sem motorista podem ganhar caminho regulatório mais livre nos Estados Unidos, começando por uma peça básica: o pedal de freio.",https://www.noticiasautomotivas.com.br/eua-comecam-a-reescrever-regras-para-robotaxis-e-abrem-caminho-a-carros-sem-comandos-tradicionais-com-o-tesla-cybercab-podendo-rodar-sem-pedal-de-freio/,https://images.noticiasautomotivas.com.br/img/f/waymo-taxi-destruido.jpg,2026-06-27T15:00:38Z,"waymo taxi destruido
Robotáxis sem motorista podem ganhar caminho regulatório mais livre nos Estados Unidos, começando por uma peça básica: o pedal de freio.
O Departamento de Transporte dos Estado… [+4640 chars]"
48,"{'id': None, 'name': 'Kommersant.ru'}",,Учение Маска всесильно // Как самый богатый человек в мире борется за светлое будущее для себя и остальных,"К 55 годам (столько ему исполняется 28 июня) Илон Маск достиг многого. А обещает достичь гораздо большего. И когда все его прогнозы сбудутся, роботы будут все делать за человека, а люди будут жить почти вечно — на Земле, Луне и Марсе, не нуждаться в деньгах, …",https://www.kommersant.ru/doc/8765297,https://im2.kommersant.ru/SocialPics/8765297_49_3145430_1180026713,2026-06-27T15:00:20Z,"55 ( 28 ) . . , , , , , . . «» , .
: 
« : 10 » ( The Wall Street Journal, 26 2011 ).
« : , -, - .
 , , , 
 , , 
 , $10  
 , $200 ., , , ». ( , . 2016 ).
« ... , , , , ( )
 , . 2022 . . .
, … [+3049 chars]"
49,"{'id': None, 'name': 'OilPrice.com'}",OilPrice.com,The AI Power Crisis Is Creating a Massive New Market for Fuel Cells,"Data center developers are scrambling for reliable power, turning away from congested grids and toward on-site fuel cells. Rystad Energy research and analysis projects a tenfold increase in fuel cell market revenues by 2030, rising from around $2.8 billion in…",https://oilprice.com/Energy/Energy-General/The-AI-Power-Crisis-Is-Creating-a-Massive-New-Market-for-Fuel-Cells.html,https://d32r1sh890xpii.cloudfront.net/article/1200x675/2026-06-25_6572othlbg.jpg,2026-06-27T15:00:00Z,"One small company quietly built…
Tesla signed a multi-year agreement…
Turkey and Australia are making…
Set us as your preferred Google source
By Rystad Energy - Jun 27, 2026, 10:00 AM CDTData cen… [+3577 chars]"
50,"{'id': None, 'name': 'Lavozdegalicia.es'}",La Voz,Arde un camión cargado de vehículos eléctricos en la A-52 en Cualedro,Varios particulares informaron de la gravedad de la situación mientras el conductor del camión trató de sofocar las llamas que devoraron a los coches de marca Tesla,https://www.lavozdegalicia.es/noticia/ourense/2026/06/27/arde-camion-transportaba-vehiculos-electricos-a-52-cualedro/00031782569732119329910.htm,https://img.lavdg.com/sc/R5gvAN4TR0wQe3uSBiplZ4uVCG0=/1280x/2026/06/27/00121782569762493569433/Foto/kshdfldiu.jpg,2026-06-27T14:56:00Z,Un incidente afectó al tráfico a las puertas del mediodía este sábado en la A-52. Un camión que transportaba varios coches Tesla quedó completamente envuelto en llamas mientras circulaba por Cualedro… [+1825 chars]
51,"{'id': None, 'name': 'Freerepublic.com'}",Texas Public Policy Foundation,What’s Next for Wealthy Texas Islamism?,"Given this wealth, on top of more mosques and bigger mosques, along with schools, seminaries, and activist organizations, what is next for Texas Islamism? Tom Facchine gave his talk at a Houston mosque, the River Oaks Islamic Center, at an event co-organized …",https://freerepublic.com/focus/f-bloggers/4385677/posts,,2026-06-27T14:53:19Z,"Skip to comments.
Whats Next for Wealthy Texas Islamism?Texas Public Policy Foundation ^
 | Sam Westrop
Posted on 06/27/2026 7:53:19 AM PDT by ma_che62
Given this wealth, on top of more mosques a… [+5489 chars]"
52,"{'id': 'bild', 'name': 'Bild'}",Lars Jakumeit,Model 3 im Gebraucht-Check - Dieser Tesla ist besser als sein Ruf,"Tesla Model 3 bietet starke Performance, regelmäßige Software-Updates, dichtes Supercharger-Netz und solide Garantien.",https://www.bild.de/leben-wissen/auto/tesla-model-3-ueberrascht-der-e-pioneer-ueberzeugt-im-gebraucht-check-6a350ce6af14c0b52895f7e3,"https://images.bild.de/6a350ce6af14c0b52895f7e3/18d62f4c5e72834753cd3add42fb54b1,9cc67c1c?w=1280",2026-06-27T14:47:38Z,"TTS-Player überspringenArtikel weiterlesenDie Zukunft fährt sich günstiger als gedacht zumindest beim Tesla Model 3. Einst als 35.000-Dollar-Revolution angekündigt, startete das Elektroauto holprig m… [+2697 chars]"
53,"{'id': None, 'name': 'Bringatrailer.com'}",bringatrailer,2022 Porsche Taycan 4 Cross Turismo,"This 2022 Porsche Taycan 4 Cross Turismo was purchased by the seller last year as a Certified Pre-Owned vehicle, and it is finished in Neptune Blue over black leather. The car is powered by two AC permanent synchronous electric motors, which drive the front w…",https://bringatrailer.com/listing/2022-porsche-taycan-4-cross-turismo-19/,https://bringatrailer.com/wp-content/uploads/2026/06/1000014097-scaled-copy-2026-06-26-uwt-83229.jpg,2026-06-27T14:20:05Z,"This 2022 Porsche Taycan 4 Cross Turismo was purchased by the seller last year as a Certified Pre-Owned vehicle, and it is finished in Neptune Blue over black leather. The car is powered by two AC pe… [+2693 chars]"
54,"{'id': None, 'name': 'Everyeye.it'}",Alessio Marino,"Chip 0,7nm: Elon Musk boccia IBM, ""è un nome fuorviante""","Elon Musk critica IBM per l'uso di termini tecnici ritenuti fuorvianti nell'annuncio della nuova tecnologia di chip a 0,7nm.Elon Musk ha pubblicamente criticato il recente annuncio di IBM inerente alla sua nuova tecnologia di produzione di chip a 0,7nm. Il CE…",https://tech.everyeye.it/notizie/chip-0-7nm-elon-musk-boccia-ibm-e-fuorviante-886917.html,https://images.everyeye.it/img-notizie/chip-0-7nm-elon-musk-boccia-ibm-E-fuorviante-v3-886917.jpg,2026-06-27T14:02:00Z,"Elon Musk ha pubblicamente criticato il recente annuncio di IBM inerente alla sua nuova tecnologia di produzione di chip a 0,7nm. Il CEO di SpaceX e Tesla, in particolare, ha messo in discussione la … [+1633 chars]"
55,"{'id': None, 'name': 'Noticiasautomotivas.com.br'}",Eber do Carmo,"Com rivais chinesas e a Tesla acelerando em software, Honda, Nissan e Mitsubishi negociam um cérebro eletrônico comum para cortar custos",A próxima disputa das montadoras japonesas pode passar menos pela carroceria e mais pelo cérebro eletrônico que comandará seus futuros modelos.,https://www.noticiasautomotivas.com.br/com-rivais-chinesas-e-a-tesla-acelerando-em-software-honda-nissan-e-mitsubishi-negociam-um-cerebro-eletronico-comum-para-cortar-custos/,https://images.noticiasautomotivas.com.br/img/f/nissan-honda-mitsubishi.jpg,2026-06-27T14:00:12Z,"nissan honda mitsubishi
A próxima disputa das montadoras japonesas pode passar menos pela carroceria e mais pelo cérebro eletrônico que comandará seus futuros modelos.
Honda, Nissan e Mitsubishi es… [+3600 chars]"
56,"{'id': None, 'name': 'Dailymail.com'}",Kylie Stevens,Salim Mehajer breaks silence after he was accused of damaging the letterbox at his former Lidcombe home while retrieving his mail,Police allege that the one-time deputy mayor was captured on CCTV at his former Lidcombe home shortly before 10pm on Thursday 'bending and manipulating' the letterbox.,https://www.dailymail.com/news/article-15934605/Salim-Mehajer-bail-damaged-letterbox-lidcombe.html,https://i.dailymail.com/1s/2026/06/27/14/109640579-0-image-m-87_1782567242042.jpg,2026-06-27T13:53:22Z,"Former deputy mayor Salim Mehajer has taken to social media to share his side of the story after he was accused of breaking into and damaging the letterbox at his former western Sydney home.
The con… [+3522 chars]"
57,"{'id': None, 'name': 'Freerepublic.com'}",Financial Times,Chinese carmakers ‘knocking at US gate’ from Mexico and Canada; Beijing-subsidised vehicles emerge as flashpoint in North American trade relationship,"Chinese cars are increasingly driving a wedge between the US, Mexico and Canada ahead of a July 1 deadline to renew North America’s faltering free-trade pact, deepening a rift already torn open by Donald Trump’s tariffs. The US is the only major market Chines…",https://freerepublic.com/focus/f-news/4385669/posts,,2026-06-27T13:45:11Z,"Skip to comments.
Chinese carmakers knocking at US gate from Mexico and Canada; Beijing-subsidised vehicles emerge as flashpoint in North American trade relationshipFinancial Times ^
 | 6/26/26
 |… [+4152 chars]"
58,"{'id': None, 'name': 'futurezone.at'}",futurezone.at,Warum Tesla plötzlich wieder mehr Autos in Europa verkauft,Entwickeln sich Teslas in Europa wieder vom Flopp zum Kassenschlager? Aktuell scheint es trotz Elon Musk gut zu laufen.,https://futurezone.at/produkte/europa-tesla-verkaeufe-anstieg-2026/403173049,https://image.futurezone.at/images/facebook/3591268/tesla-2.jpg?versionId=2ae47d84aab0,2026-06-27T13:36:52Z,Entwickeln sich Teslas in Europa wieder vom Flopp zum Kassenschlager? Aktuell scheint es trotz Elon Musk gut zu laufen.
59,"{'id': None, 'name': 'PRNewswire'}",,Funded 100% Within One Hour: The Innovation Behind DESLOC V150 Plus,"A category-defining upgrade for the front door — much like how Tesla redefined automotive energy, the V150 Plus introduces a new era of low-maintenance, eco-conscious home access with solar power, 3D face recognition, and AI-powered curved fingerprint sensor …",https://www.prnewswire.com/news-releases/funded-100-within-one-hour-the-innovation-behind-desloc-v150-plus-302812577.html,https://mmx.prnewswire.com/media/MS1874219/2e75fd27373241eb923c0b82d0a4e7a3.jpg?id=OA2742052&p=facebook,2026-06-27T13:21:00Z,"A category-defining upgrade for the front door much like how Tesla redefined automotive energy, the V150 Plus introduces a new era of low-maintenance, eco-conscious home access with solar power, 3D f… [+5320 chars]"
60,"{'id': None, 'name': 'Iltalehti.fi'}",,Mikä on kaikkein amerikkalaisin automalli? Top 10 -listalle kiipesi yllättävän monta japanilaista autoa,"Amerikkalaisimpien autojen listan ykkönen on yhdysvaltalainen merkki, mutta merkittävä osa sadan auton listauksen amerikkalaisimmista on japanilaisia brändejä. Tesla on Amerikan amerikkalaisin auto, kun kriteereinä ovat autojen valmistuksessa käytettävien osi…",https://www.iltalehti.fi/autouutiset/a/c5717cbb-bdab-4cbc-bd91-43f7a83cfcb0,"https://img.ilcdn.fi/GdsIOjvBeGIs7NFyHxQbq2cr_QA=/0x64:3000x1938/1200x630/top/filters:watermark(assets.ilcdn.fi/ilsome_v2.jpg,25,0,0)/img-s3.ilcdn.fi/9dfc2cc4d40a1a451ff23eb9767ed0d5e844d9b33f3d41dd3a6b8f1fd0459fb1.jpg",2026-06-27T13:17:40Z,"Tesla on Amerikan amerikkalaisin auto, kun kriteereinä ovat autojen valmistuksessa käytettävien osien määrä ja sikäläisen työn osuus autojen kokoonpanosta.
Sijoitus Cars.comin American Made Indexin … [+2958 chars]"
61,"{'id': None, 'name': 'Onliner.by'}",Onliner | Авто,На трассе Минск — Дзержинск столкнулись шесть автомобилей,Массовое ДТП произошло утром 27 июня в Дзержинском районе. На трассе Р-1 (Минск — Дзержинск) столкнулись сразу шесть автомобилей.Читать далее…,https://auto.onliner.by/2026/06/27/stolknulis-6-avtomobilej,https://content.onliner.by/news/default/ff3047820eb72f635a65c3a0a5f07d8a.jpg,2026-06-27T13:12:57Z,"27  . -1 (  ) .
 , 11:30 26-  22- Tesla Porsche, 31- . BMW, Lancia, Citroen Chevrolet.
 Porsche .
 .
 ? -."
62,"{'id': 'business-insider', 'name': 'Business Insider'}","Jake Gabbard,Rachel Cohn,Tyler Merkel","How America's first fine dining restaurant, Delmonico's, serves 400 pounds of steak a day","Founded in 1837, Delmonico's is a living piece of American culinary history.",https://www.businessinsider.com/inside-americas-first-fine-dining-restaurant-delmonicos-2026-6#article,https://www.businessinsider.com/public/assets/logos/og-image-logo-social.png?v=2023-11,2026-06-27T13:00:01Z,"Of the nearly 750,000 restaurants across the United States, only one can claim it started it all.Founded in 1837, Delmonico's isn't just a restaurant, it's a living piece of American culinary history… [+357 chars]"
63,"{'id': None, 'name': 'Electrek'}",Jo Borrás,Mercedes posts Tesla-like efficiency hauling 36 tons through a German winter,"Despite the rapidly growing number of heavy-duty EVs on western roads, a number of myths still persist about range, charging infrastructure, and economic viability. To combat those myths, Mercedes-Benz is sharing real-world data from 80 of its deployed electr…",http://electrek.co/2026/06/27/mercedes-posts-tesla-like-efficiency-hauling-36-tons-through-a-german-winter/,https://i0.wp.com/electrek.co/wp-content/uploads/sites/3/2026/06/mercedes-semi.jpeg?resize=1200%2C628&quality=82&strip=all&ssl=1,2026-06-27T12:48:45Z,"Despite the rapidly growing number of heavy-duty EVs on western roads, a number of myths still persist about range, charging infrastructure, and economic viability. To combat those myths, Mercedes-Be… [+3869 chars]"
64,"{'id': None, 'name': 'Devdiscourse'}",Devdiscourse News Desk,Tesla's Steering Saga: Investigation Closed Post Recall | Business,"U.S. regulators have concluded their investigation into Tesla's power steering issue after the company addressed the problem with a recall impacting over 376,000 Model 3 and Model Y vehicles. The National Highway Traffic Safety Administration (NHTSA) cited Te…",https://www.devdiscourse.com/article/business/3941646-teslas-steering-saga-investigation-closed-post-recall,https://www.devdiscourse.com/img?imageUrl=https://devdiscourse.blob.core.windows.net/imagegallery/27_06_2019_18_36_44_9180289.png&width=920&format=jpeg,2026-06-27T12:22:47Z,"U.S. safety regulators announced on Saturday the closure of their probe into Tesla vehicles, addressing concerns over power steering loss following a company recall last year. The National Highway Tr… [+1099 chars]"
65,"{'id': None, 'name': 'N-tv.de'}",Patrick Broich,"Ist das ein Ufo oder ein Auto?: Raumschiff Xpeng X9 baggert mit Designsprache, Luxus und Tempo",Xpeng bekommt Familienzuwachs und installiert einen großen Tourer. Damit bekommen Konsorten wie Lexus und Mercedes Wettbewerb. Ist die chinesische Ausgabe besser als LM oder der brandneue VLE? Günstiger jedem Fall. ntv.de war mit ihm auf Langstrecke.,https://www.n-tv.de/auto/Raumschiff-Xpeng-X9-baggert-mit-Designsprache-Luxus-und-Tempo-id31015563.html,https://www.n-tv.de/img/31015569/1782456962/Img_16_9/1200/Xpeng_X9_VO.jpg,2026-06-27T12:12:24Z,"Was die Front angeht, waren die Xpeng-X9-Designer einfallslos und haben offenbar bei Tesla abgeschaut. Zum Glück gibt es ja auch noch andere Perspektiven. (Foto: Xpeng)
Xpeng bekommt Familienzuwachs… [+6238 chars]"
66,"{'id': None, 'name': 'Biztoc.com'}",investors.com,"Dow Jones Futures: Market At Tipping Point, Here's What To Do. Eli Lilly Soars, Tesla On Tap","Access to this page has been denied because we believe you are using automation tools to browse the website.
This may happen as a result of the following:
- Javascript is disabled or blocked by an extension (ad blockers for example)
- Your browser does not su…",https://biztoc.com/x/a6592126181290d9,https://biztoc.com/cdn/995/og.png,2026-06-27T12:08:23Z,Access to this page has been denied because we believe you are using automation tools to browse the website.This may happen as a result of the following:- Javascript is disabled or blocked by an exte… [+140 chars]
67,"{'id': None, 'name': 'iPhone in Canada'}",John Quintet,Google Maps Can Now Predict Tesla Supercharger Availability Before You Arrive,"Tesla just rolled out a new feature that finally answers the one question every EV road tripper actually cares about: will there be a spot open when I get there? For years, tracking Tesla Superchargers on Google Maps was basically a guessing game. You’d see a…",https://www.iphoneincanada.ca/2026/06/27/google-maps-predict-tesla-supercharger-availability/,https://cdn.iphoneincanada.ca/wp-content/uploads/2026/06/tesla-google-maps-1.jpeg,2026-06-27T12:00:45Z,"Tesla just rolled out a new feature that finally answers the one question every EV road tripper actually cares about: will there be a spot open when I get there?
For years, tracking Tesla Supercharg… [+1547 chars]"
68,"{'id': None, 'name': 'Journal du geek'}",Olivier,Xiaomi invente le robot qui branche votre voiture électrique à votre place,"Sortir de sa voiture et brancher un câble de recharge demande généralement entre cinq et dix secondes d'effort. Manifestement, c'est encore trop. Xiaomi a dévoilé un bras robotisé capable de recharger automatiquement une voiture électrique sans que son propri…",https://www.journaldugeek.com/2026/06/27/xiaomi-invente-le-robot-qui-branche-votre-voiture-electrique-a-votre-place/,https://www.journaldugeek.com/app/uploads/2026/06/xiaomi-1600x900.jpg,2026-06-27T12:00:28Z,"Les constructeurs automobiles passent beaucoup de temps à imaginer la voiture du futur. Conduite autonome, stationnement automatique, assistants vocaux dopés à l’IA et désormais recharge robotisée. X… [+2721 chars]"
69,"{'id': None, 'name': 'PCMag.com'}",Michael Lydick,The US Used to Demand the Best Tech. Now We Ban It,"China and other nations have access to increasingly advanced and affordable technology, notably electric vehicles. Meanwhile, America is watching the future drive by.
At the 2024 Aspen Ideas Festival, Jim Farley, the CEO of Ford, spoke with unexpected candor …",https://uk.pcmag.com/cars-auto/165885/the-us-used-to-demand-the-best-tech-now-we-ban-it,https://sm.pcmag.com/t/pcmag_uk/opinion/t/the-us-use/the-us-used-to-demand-the-best-tech-now-we-ban-it_gm8x.1200.jpg,2026-06-27T11:53:48Z,"At the 2024 Aspen Ideas Festival, Jim Farley, the CEO of Ford, spoke with unexpected candor about the Xiaomi SU7, a Chinese electric car he had managed to import from Shanghai to Chicago. I dont want… [+10051 chars]"
70,"{'id': None, 'name': 'CNET'}",Omar Gallaga,Polestar Faces a Ban on Selling Its EVs in the US,Regulators are putting the kibosh on sales of the automaker's upcoming EV models because of its ties to China.,https://www.cnet.com/roadshow/news/polestar-ev-ban-commerce-department-volvo-china/,https://www.cnet.com/a/img/resize/08841ec63159b03e4fdf3024b8e326aa22b9532f/hub/2026/06/26/543ec49b-c3e1-41a2-bc82-20d93e860d87/polestar4-press-image.jpg?auto=webp&fit=crop&height=675&width=1200,2026-06-27T11:38:21Z,Automaker Polestar will not be allowed to sell its 2027 models and beyond in the US after the US Department of Commerce's Bureau of Industry and Security banned those sales over concerns about Chines… [+2807 chars]
71,"{'id': None, 'name': 'Biztoc.com'}",newser.com,"After Tesla Fatally Crashes Into Home, Outrage on Capitol Hill","A deadly Texas crash involving a Tesla has a US senator accusing the company of experimenting on the public and dodging responsibility, NBC News reports. Sen. Richard Blumenthal of Connecticut is urging federal regulators to move faster and ""hold Tesla accoun…",https://biztoc.com/x/cede5d44cd92f5eb,https://biztoc.com/cdn/cede5d44cd92f5eb_s.webp,2026-06-27T11:36:36Z,"A deadly Texas crash involving a Tesla has a US senator accusing the company of experimenting on the public and dodging responsibility, NBC News reports. Sen. Richard Blumenthal of Connecticut is urg… [+151 chars]"
72,"{'id': None, 'name': 'MarketWatch'}",Christine Idzelis,It’s a tale of two S&P 500s as rotation out of top tech stocks shifts into overdrive,The equal-weighted version of the S 500 outperformed its traditional capitalization-weighted sibling this week by the widest margin in six years.,https://www.marketwatch.com/story/its-a-tale-of-two-s-p-500s-as-rotation-out-of-top-tech-stocks-shifts-into-overdrive-5254207f,https://s.yimg.com/lo/mysterio/api/BF51C69C2B509082C949C38906804CE59F6FCE11D78D7C48271079A680D944EC/subgraphmysterio/resizefill_w1200_h600;quality_80;format_webp/https:%2F%2Fmedia.zenfs.com%2Fen%2Fmarketwatch_hosted_869%2Fc7ff93b10b5df463c5a48dc1e794e328,2026-06-27T11:30:00Z,"The S&amp;P 500, with its increasingly outsized exposure to Big Tech stocks, fell this week. A variation on the U.S. benchmark index that is not weighted by market capitalization, though, managed a 1… [+3592 chars]"
73,"{'id': None, 'name': 'Protothema.gr'}",,Ποια μοντέλα διακρίνονται σε πωλήσεις στην Ευρώπη;,Να λοιπόν που βρήκαμε ποια είναι τα best sellers που προτιμούν οι Ευρωπαίοι. Υπάρχει αυτοκίνητο που σημείωσε άνοδο 1.434% σε σχέση με τον Μάιο του 2025... | Car,https://www.protothema.gr/car-and-speed/article/1840866/poia-modela-diakrinodai-se-poliseis-stin-europi/,https://www.protothema.gr/images/640x360share/jpg/files/2026-06-25/260624111813_2-poia-montela-span.jpg,2026-06-27T11:30:00Z,",    . ,  best seller ,  , 5 , .      Dacia Sandero,  19.685 . , 0,8%. , 2026 , 87.824 .
   VW T-Roc,  17.419   , -5,7% 2025. 
   Tesla Model Y  17.202   , 68,2%.   VW Golf  17.198  ( 6% )    Peuge… [+929 chars]"
74,"{'id': None, 'name': 'Yahoo Entertainment'}",,SpaceX vs. Tesla: Here's Which Elon Musk Stock I'd Buy Right Now,,https://consent.yahoo.com/v2/collectConsent?sessionId=1_cc-session_147cac7b-f6dd-43d4-9ca6-3a6b2af385eb,,2026-06-27T11:27:00Z,"If you click 'Accept all', we and our partners, including 247 who are part of the IAB Transparency &amp; Consent Framework, will also store and / or access information on a device (in other words, us… [+1046 chars]"
75,"{'id': None, 'name': 'Teltarif.de'}",André Reinhardt,Xiaomi stellt Nürburgring-Rekord mit autonomem Auto auf,Ohne einen Piloten an Bord hat Xiaomi seinen per KI gesteuertem YU7 GT auf Rekordjagd geschickt. Der anspruchsvolle Nürburgring wurde erfolgreich absolviert.,https://www.teltarif.de/xiaomi-yu7-gt-nuerburgring-rekord-elektroauto-ki/news/104370.html,https://www.teltarif.de/img/arch/2026/kw26/xiaomi-yu7-gt-nuerburgring-rekord-elektroauto-ki-1og.jpg,2026-06-27T11:13:00Z,Xiaomi verkündet in einer Pres­semit­teilung einen bemer­kens­werten Erfolg beim autonomen Fahren. Der chine­sischen Elek­tronik­konzern setzte als erster Auto­mobil­bauer einen Runden­rekord mit ein… [+2528 chars]
76,"{'id': None, 'name': 'Yahoo Entertainment'}",Jared Blikre,This is not what a risk-off month usually looks like: Chart of the Day,Many of the market's biggest winners this month are hiding in places investors were not watching a month ago.,https://finance.yahoo.com/markets/article/this-is-not-what-a-risk-off-month-usually-looks-like-chart-of-the-day-110832956.html,https://s.yimg.com/lo/mysterio/api/450B624E9EA6C760DF38A5FFC809D8BF16F7D457E88B89CAD7527E005346BA1D/subgraphmysterio/resizefill_w1200_h664;quality_80;format_webp/https:%2F%2Fs.yimg.com%2Fos%2Fcreatr-images%2F2019-05%2Fb55877f0-837f-11e9-bdba-2cff767dbf54,2026-06-27T11:08:32Z,"Many of the market's biggest winners this month are hiding in places investors were not watching a month ago.
Small caps are beating midcaps, midcaps are beating large caps, and the equal-weight S&a… [+3043 chars]"
77,"{'id': None, 'name': 'MarketBeat'}",MarketBeat Staff,MarketBeat Week in Review – 06/22 - 06/26,"SpaceX IPO buzz faded as AI volatility, hotter inflation, and a shortened trading week shifted investor focus toward earnings season",https://www.marketbeat.com/articles/marketbeat-week-in-review-06-22-06-26/?utm_source=yahoofinance&amp;utm_medium=yahoofinance,https://s.yimg.com/lo/mysterio/api/F3E4BE73F8B34441FBED10C776B6CAE947277410BB12F6EBC915C7A944CFD264/subgraphmysterio/resizefill_w1200_h670;quality_80;format_webp/https:%2F%2Fmedia.zenfs.com%2Fen%2Fmarketbeat_955%2F44201abc471f96a6a8b5d0bf5687ce50,2026-06-27T11:00:00Z,"Key Points
<ul><li>Interested in SpaceX? Here are five stocks we like better.
</li><li>SpaceX IPO excitement faded quickly as AI sector volatility increased, and reports suggested OpenAI could dela… [+9517 chars]"
78,"{'id': None, 'name': 'Abertoatedemadrugada.com'}",Carlos Martins,EUA vão deixar de exigir pedal de travão em veículos totalmente autónomos,Os EUA propõem eliminar a obrigatoriedade dos pedais de travão em veículos totalmente autónomos.,https://abertoatedemadrugada.com/2026/06/eua-vao-deixar-de-exigir-pedal-de.html,https://blogger.googleusercontent.com/img/b/R29vZ2xl/AVvXsEj_bE6f8-yIcJ5KaUwUcY4WYB5PD-BsRC4CkyvbAkrgpZT9WpwZ1aXFS7BtW0WpSBINqoncB3WaJqrCPVS0mqHRJ5VhD4b_DSnohLfl88hFdDR1coest5jEXGyMwK1dV1v6v0fOeZHZN_S39o7sedwFe3ZpoIHWyb14qTuETsIIvdmZ4tcSb-9tkm1KJk-F/w1200-h630-p-k-no-nu/cybercab.jpg,2026-06-27T11:00:00Z,"Os EUA propõem eliminar a obrigatoriedade dos pedais de travão em veículos totalmente autónomos.



A evolução dos veículos autónomos é muitas vezes abrandada pela legislação automóvel existente, mas… [+1685 chars]"
79,"{'id': None, 'name': 'Www.abc.es'}",(abc),Miquel Mont: «Trabajo de forma intuitiva. Responde a un deseo que no llego a verbalizar»,"Miquel Mont (Barcelona, 1963) viste de negro y blanco. Camina despacio entre algunas de las estructuras tridimensionales que realizó para la serie 'Realismo de Mercado' con el fin de comprobar que todo está en su sitio antes de que comience la presentación de…",https://www.abc.es/espana/castilla-leon/miquel-mont-trabajo-forma-intuitiva-responde-deseo-20260623124805-nt.html,https://s1.abcstatics.com/abc/www/multimedia/espana/2026/06/23/miquel-mont3-U16238125703amz-1200x630@diario_abc.jpg,2026-06-27T10:48:05Z,"Miquel Mont (Barcelona, 1963) viste de negro y blanco. Camina despacio entre algunas de las estructuras tridimensionales que realizó para la serie 'Realismo de Mercado' con el fin de comprobar que to… [+9590 chars]"
80,"{'id': 'fortune', 'name': 'Fortune'}",Jacqueline Munis,‘Don’t look at the résumé’: Elon Musk admits he’s ‘fallen prey’ to flashy credentials and says conversation matters most when hiring,The Tesla and SpaceX CEO said he prioritizes hiring candidates who have a “wow” factor.,https://fortune.com/article/elon-musk-hiring-advice-spacex-resume-micromanagement/,"https://fortune.com/img-assets/wp-content/uploads/2026/02/GettyImages-2217127913-e1770664209262.jpg?resize=1200,600",2026-06-27T10:44:13Z,"In the race for tech dominance, finding the right workers isnt so simple, says trilllionaire CEO Elon Musk. Musk is known for his micromanagement leadership style (which he has jokingly referred to a… [+4056 chars]"
81,"{'id': None, 'name': 'Bankier.pl'}",Redaktor Bankier.pl,"Chłodny prysznic dla Elona Muska, obawy o pęknięcie bańki AI i trudna do zduszenia inflacja","Na Wall Street nie słabną dyskusje o perspektywach inflacji i kolejnych krokach banków centralnych. Inwestorzy z uwagą śledzą jednak również rynkowe zawirowania wokół SpaceX, a eksperci coraz częściej kreślą negatywne scenariusze dla giełdowego boomu napędzan…",https://www.bankier.pl/wiadomosc/Chlodny-prysznic-dla-Elona-Muska-obawy-o-pekniecie-banki-AI-i-trudna-do-zduszenia-inflacja-9158881.html,https://galeria.bankier.pl/p/9/b/5d3f11816e7473-948-568-0-47-958-575.jpg,2026-06-27T10:22:59Z,"Na Wall Street nie sabn dyskusje o perspektywach inflacji i kolejnych krokach banków centralnych. Inwestorzy z uwag ledz jednak równie rynkowe zawirowania wokó SpaceX, a eksperci coraz czciej krel ne… [+6394 chars]"
82,"{'id': None, 'name': 'Huffingtonpost.es'}",Redacción HuffPost,Los chinos están tomando un camino diferente: están preparando baterías de aire que prometen 1.600 km de autonomía,"<![CDATA[<p>Los chinos se están pasando el juego del transporte eléctrico. Según informa Car and Driver, un elemento clave en el sector automovilístico es la tecnología de las baterías. Desde pilas de tofu hasta baterías de cemento, los experimentos continúan…",https://www.huffingtonpost.es/sociedad/los-chinos-tomando-camino-diferente-preparando-baterias-aire-prometen-1600-km-autonomia-f202606.html,https://img2.huffingtonpost.es/files/og_thumbnail/uploads/2025/11/11/alemania-europa-2023-persona-sosteniendo-una-bateria-de-litio.jpeg,2026-06-27T10:21:55Z,"Los chinos se están pasando el juego del transporte eléctrico. Según informa Car and Driver, un elemento clave en el sector automovilístico es la tecnología de las baterías. Desde pilas de tofu hasta… [+2076 chars]"
83,"{'id': None, 'name': 'Applenovinky.cz'}",AppleNovinky.cz | Nika Drunecká,Společnost Tata Electronics potvrdila kybernetický útok. Na dark webu se objevily interní dokumenty Appl,"Společnost Tata Electronics, jeden z nejvýznamnějších výrobních partnerů Applu v Indii, potvrdila, že se stala terčem kybernetického útoku. Incident vedl k úniku velkého množství interních dokumentů, které se následně objevily na dark webu. Podle agentury Reu…",https://applenovinky.cz/2026/06/spolecnost-tata-electronics-potvrdila-kyberneticky-utok-na-dark-webu-se-objevily-interni-dokumenty-appl/,https://static.applenovinky.cz/wp-content/uploads/2026/06/Indie-factory.jpg,2026-06-27T10:05:37Z,"Spolenost Tata Electronics, jeden z nejvýznamnjích výrobních partner Applu v Indii, potvrdila, e se stala terem kybernetického útoku. Incident vedl k úniku velkého mnoství interních dokument, které s… [+2089 chars]"
84,"{'id': None, 'name': 'Gagadget.com'}",gagadget.com,CATL открывает «магазин у дома»: теперь аккумуляторы можно купить без посредников и лишнего пафоса,"Мировой лидер рынка аккумуляторов CATL запускает собственный онлайн-магазин, чтобы продавать элементы напрямую малым интеграторам.",https://gagadget.com/ru/716388-catl-otkryivaet-magazin-u-doma-teper-akkumulyatoryi-mozhno-kupit-bez-posrednikov-i-lishnego-pafosa/,https://gagadget.com/media/cache/96/65/9665e07630ccacf53195b104ff16f8e1.webp,2026-06-27T10:00:55Z,", . 26 2026 CATLCATL Mall - , , . , .
 . , . CATL (Contemporary Amperex Technology Co. Limited) « », .
. , , . , Tesla . CATL Mall : .
 100 , 280 314 . 587 , . . . «» , .
 - CATL. : CATL
, . CAT… [+72 chars]"
85,"{'id': None, 'name': 'Sapo.pt'}",Pedro Simões,Model Y e o Model 3 regressam triunfalmente à Europa e a Tesla esmaga a concorrência,O cenário da Tesla na Europa não tem sido positivo. A empresa de Elon Musk tem caído nas vendas e está cada vez menos no radar das escolhas dos consumidores. Maio parece ter quebrado...,https://pplware.sapo.pt/motores/model-y-e-o-model-3-regressam-triunfalmente-a-europa-e-a-tesla-esmaga-a-concorrencia/,https://pplware.sapo.pt/wp-content/uploads/2026/06/EMEA_T4B_Main_Hero_Desktop_428.jpg,2026-06-27T10:00:17Z,O cenário da Tesla na Europa não tem sido positivo. A empresa de Elon Musk tem caído nas vendas e está cada vez menos no radar das escolhas dos consumidores. Maio parece ter quebrado essa tendência e… [+2261 chars]
86,"{'id': 'business-insider', 'name': 'Business Insider'}",Theron Mohamed,4 iconic American CEOs are on the way out. Meet the nuts-and-bolts leaders taking their place.,"Warren Buffett, Tim Cook, Bob Iger, and Doug McMillon are making way for nuts-and-bolts leaders, but success will require more than an eye for detail.",https://www.businessinsider.com/nuts-bolts-ceo-buffett-cook-iger-apple-disney-management-leadership-2026-5#article,https://i.insider.com/6a2b1b0e50aa6577af871a31?width=1200&format=jpeg,2026-06-27T09:43:01Z,"From left: Greg Abel, John Ternus, John Furner, and Josh D'Amaro.Getty Images
<ul><li>Warren Buffett, Tim Cook, Bob Iger, and Doug McMillon are making way for a new crop of CEOs.</li><li>The new bos… [+8521 chars]"
87,"{'id': None, 'name': 'Lifehacker.ru'}",Макс Вильтовский,"Илон Маск намекнул, что Neuralink готовится к тестам «телепатии» между людьми","В 2025 году Wired писало, что Neuralink пыталась зарегистрировать товарные знаки Telepathy («Телепатия») и Telekinesis («Телекинез»).",https://lifehacker.ru/mask-prtestiruet-telepatiyu-mezhdu-lyudmi/,https://cdn.lifehacker.ru/wp-content/uploads/2026/06/BetterImage_1782552130113_1782552151.jpeg,2026-06-27T09:33:31Z,"Neuralink . ,   , . ,     .
 N1  .   , .   . «»  .
: Neuralink
    .  2025 Wired , Neuralink Telepathy («»)  Telekinesis («»), , .
 ,   . Tesla  X, « » ,   . , ,  Neuralink «,   ».
Neuralink   2… [+33 chars]"
88,"{'id': None, 'name': 'Jalopnik'}",staff@jalopnik.com (Kiran Menon),How Does Rivian's Warranty Compare To Tesla's?,"Tesla and Rivian offer very similar limited warranties. However, Rivian offers a 1-year adjustment warranty, while Tesla offers a longer corrosion warranty.",https://www.jalopnik.com/2199125/rivians-warranty-compare-to-teslas-warranty/,https://www.jalopnik.com/img/gallery/how-does-rivians-warranty-compare-to-teslas/l-intro-1782149346.jpg,2026-06-27T09:25:00Z,"Tesla and Rivian offer broadly similar warranties for their battery packs and drivetrain units, with both guaranteeing a minimum battery capacity of 70% during the warranty period. On the duration fr… [+1565 chars]"
89,"{'id': None, 'name': 'Atlantico.fr'}",Jean-Sébastien Ferjou,Des vélos électriques aux Tesla : ce qui se passe vraiment dans les batteries quand le thermomètre explose,"Trottinettes, vélos électriques, petites citadines ou grosses berlines : tous ces véhicules partagent le même cœur, la batterie au lithium. En plein été, alors que nous cherchons l’ombre, ces réservoirs d’énergie subissent de plein fouet la chaleur. Entre pro…",https://atlantico.fr/article/decryptage/batteries-lithium-chaleur-voitures-velos-trottinettes-Tesla-canicule-Jean-Sebastien-Ferjou,https://atlantico.codexcdn.net/assets/asEVjvP6ZRRuHvnOL.jpg?width=1600&height=900&quality=75,2026-06-27T09:07:00Z,"Trottinettes, vélos électriques, petites citadines ou grosses berlines : tous ces véhicules partagent le même cur, la batterie au lithium. En plein été, alors que nous cherchons lombre, ces réservoir… [+209 chars]"
90,"{'id': 'techradar', 'name': 'TechRadar'}",Efosa Udinmwen,Octopus Energy just announced 30kWh home batteries to compete with Tesla Powerwall — but they won't go on sale till 2027,Octopus launches plug-in and wall-mounted batteries reaching 30kWh capacities across five European countries in 2027.,https://www.techradar.com/pro/octopus-energy-just-announced-30kwh-home-batteries-to-compete-with-tesla-powerwall-but-they-wont-go-on-sale-till-2027,https://cdn.mos.cms.futurecdn.net/sJTQgp9RB5sQQLPHB72cG4-1920-80.jpg,2026-06-27T09:00:00Z,"<ul><li>Octopus enters the home battery market with two distinct systems — Nook Cube and Nook Colossus</li><li>Renters receive the Nook Cube, a plug-in battery requiring no installation work</li><li>… [+3316 chars]"
91,"{'id': None, 'name': 'Ozbargain.com.au'}",SolarEdge Australia,SolarEdge StorEdge + LG Chem Resu H / Tesla Powerwall 1 Trade-up Program (Australia),SolarEdge has introduced a Trade-Up Program for eligible customers with older SolarEdge StorEdge Hybrid Inverters paired with LG Chem RESU H (High Voltage) or Tesla Powerwall 1 (PW1) batteries. The …,https://www.ozbargain.com.au/node/965376,https://www.ozbargain.com.au/themes/ozbargain/logo-square.png,2026-06-27T08:47:42Z,"SolarEdge has introduced a Trade-Up Program for eligible customers with older SolarEdge StorEdge Hybrid Inverters paired with LG Chem RESU H (High Voltage) or Tesla Powerwall 1 (PW1) batteries.
The … [+2884 chars]"
92,"{'id': None, 'name': 'Yenicaggazetesi.com'}",Yeniçağ Gazetesi,Petrol devi ezber bozdu: Elektrikli otomobilde yeni çağı o şirket başlattı… Elektrikli arabası Tesla ve BYD’ye rakip oldu,"Petrol devi Shell, elektrikli otomobil dünyasında dengeleri değiştirecek yeni konsept aracı Triple 10 modelini duyurdu. 10 dakikadan kısa şarj süresi ve yüksek verimlilik vadeden elektrikli otomobil, 1 kWsa enerjiyle 10 km yol kat etme ve düşük karbon ayak iz…",https://www.yenicaggazetesi.com/petrol-devi-ezber-bozdu-elektrikli-otomobilde-yeni-cagi-o-sirket-baslatti-elektrikli-arabasi-tesla-ve-bydye-rakip-oldu-1045094h.htm,https://img.yenicaggazetesi.com/rcman/Cw1280h720q95gc/storage/files/images/2026/06/27/petrol-devi-ezber-bozdu-elektrikli-otomobilde-yeni-cagi-o-sirket-baslatti-elektrikli-arabasi-tesla-ve-bydye-rakip-oldu-nf05.jpg,2026-06-27T08:09:07Z,"Geleneksel enerji sektörünün küresel devlerinden Shell, elektrikli otomobil pazarına yönelik stratejik hamlesiyle dikkatleri üzerine çekti. Şirketin resmi olarak duyurduğu yeni elektrikli araba konse… [+3236 chars]"
93,"{'id': None, 'name': 'Noticiasautomotivas.com.br'}",Eber do Carmo,Novo Hyundai Elantra cresce e muda de cara para sair do comum; desenho com para-lamas estilo Lamborghini Urus vira destaque,"Difícil reconhecer o sedã compacto da Hyundai nesta nova fase, porque a oitava geração troca a discrição por presença visual forte e cabine muito mais digital.",https://www.noticiasautomotivas.com.br/novo-hyundai-elantra-cresce-e-muda-de-cara-para-sair-do-comum-desenho-com-para-lamas-estilo-lamborghini-urus-vira-destaque/,https://images.noticiasautomotivas.com.br/img/f/2026/06/novo-hyundai-elantra-avante-1.jpg,2026-06-27T08:00:47Z,"Novo Hyundai Elantra Avante 1
Difícil reconhecer o sedã compacto da Hyundai nesta nova fase, porque a oitava geração troca a discrição por presença visual forte e cabine muito mais digital.
Chamado… [+4175 chars]"
94,"{'id': 'fox-news', 'name': 'Fox News'}",,2028 hopeful fires back at Elon Musk after trillionaire threatened lawsuit: 'Not going to be silenced',Rep. Ro Khanna says he won't be intimidated by Elon Musk's threat to sue him over claims that USAID cuts possibly led to millions of children's deaths.,https://www.foxnews.com/politics/2028-hopeful-fires-back-elon-musk-after-trillionaire-threatens-lawsuit,https://static.foxnews.com/foxnews.com/content/uploads/2026/06/ro-khanna-and-elon-musk.jpeg,2026-06-27T08:00:11Z,"Rep. Ro Khanna, D-Calif., brushed aside threats of legal action from Elon Musk, the trillionaire founder of SpaceX and Tesla, on Thursday.
""This is what he does,"" Khanna told Fox News Digital outsid… [+2606 chars]"
95,"{'id': 'fortune', 'name': 'Fortune'}",Shawn Tully,Big Short legend Steve Eisman says everyone is buying the wrong AI stocks,Eisman famously called the housing bubble. Now he sees investors miscalculating the AI trade.,https://fortune.com/2026/06/27/big-short-hero-steve-eisman-spacex-ai-investing-what-to-buy-now/,"https://fortune.com/img-assets/wp-content/uploads/2026/06/GettyImages-1185017282.jpg?resize=1200,600",2026-06-27T08:00:00Z,Steve Eisman has a simple way to explain why SpaceX is the most absurd stock in America: its revenues are roughly equal to those of the company that makes Froot Loops. The difference? Nobody is valui… [+6070 chars]
96,"{'id': None, 'name': 'Chip.com.tr'}",Levent Öztürk,"Tesla için rüzgar tersine döndü, Avrupa satışları uçuşa geçti","Elon Musk'ın siyaset sahnesindeki radikal söylemleri nedeniyle son iki yıldır ciddi bir satış kan kaybı yaşayan ve liderliğini kaptırma riskiyle yüzleşen Tesla, imaj krizini geride bıraktı. Avrupa'daki yeni araç kayıtları, teşviklerin de etkisiyle geçen yıla …",https://www.chip.com.tr/guncel/tesla-icin-ruzgar-tersine-dondu-avrupa-satislari-ucusa-gecti_181399.html,https://img.chip.com.tr/rcman/Cw1280h720q95gm/storage/files/images/2026/06/26/yeni-arac-kayitlarinda-yuzde-elli-yedi-artis-akaryakit-maliyetleri-ve-sifir-emisyon-tesvikleri-vk5b.jpg,2026-06-27T07:41:03Z,"Almanya'daki Gigafactory tesislerinde üretim kapasitesini artırmak isteyen Tesla, büyük bir istihdam hamlesi başlattı. Şirket, ekim ayı itibarıyla haftalık araç üretimini 7 bin 500 seviyesine çıkarma… [+2642 chars]"
97,"{'id': None, 'name': 'Vida Extra'}",Alberto Martín,Nos colaron un detalle nostálgico en Los Cuatro Fantásticos: Primeros Pasos que homenajeó a las figuras más grandes de la historia de Marvel,"El Universo Cinematográfico Marvel se ha convertido en un monstruo incomensurable lleno de conexiones, guiños y referencias. Los cameos de Stan Lee eran algo muy querido por los fans y su fallecimiento nos ha privado de su presencia tanto en el mundo real com…",https://www.vidaextra.com/cine/nos-colaron-detalle-nostalgico-cuatro-fantasticos-primeros-pasos-que-homenajeo-a-figuras-grandes-historia-marvel,https://i.blogs.es/c607b1/fantasticos/840_560.jpeg,2026-06-27T07:00:12Z,"El Universo Cinematográfico Marvel se ha convertido en un monstruo incomensurable lleno de conexiones, guiños y referencias. Los cameos de Stan Lee eran algo muy querido por los fans y su fallecimien… [+2077 chars]"
